{"BTC_USDT":{"in_position":true,"side":"BUY","quantity":0.00021041980349988733,"entry_price":118810.11,"entry_time":1754946542.3738406,"stop_loss":116433.9078,"take_profit":122374.4133,"max_price_since_entry":119172.62},"ETH_USDT":{"in_position":true,"side":"BUY","quantity":0.005880485022404647,"entry_price":4251.35,"entry_time":1754946543.8544178,"stop_loss":4166.323,"take_profit":4378.8905,"max_price_since_entry":4255.8},"SOL_USDT":{"in_position":true,"side":"BUY","quantity":0.14175550011340438,"entry_price":176.36,"entry_time":1754946549.4261923,"stop_loss":172.83280000000002,"take_profit":181.65080000000003,"max_price_since_entry":176.5},"TON_USDT":{"in_position":true,"side":"BUY","quantity":7.33783387144115,"entry_price":3.407,"entry_time":1754946543.0642729,"stop_loss":3.33886,"take_profit":3.50921,"max_price_since_entry":3.409},"XRP_USDT":{"in_position":true,"side":"BUY","quantity":7.892909010544926,"entry_price":3.1674,"entry_time":1754946654.1792629,"stop_loss":3.1040520000000003,"take_profit":3.2624220000000004,"max_price_since_entry":3.1695},"DOGE_USDT":{"in_position":true,"side":"BUY","quantity":112.39238429204038,"entry_price":0.222435,"entry_time":1754950359.7505476,"stop_loss":0.2179863,"take_profit":0.22910805,"max_price_since_entry":0.224607},"SUI_USDT":{"in_position":true,"side":"BUY","quantity":6.893509071857939,"entry_price":3.6266,"entry_time":1754951027.6954722,"stop_loss":3.5540679999999996,"take_profit":3.735398,"max_price_since_entry":3.6842}}